game_line,origin_type,stop_order,station_id,station_name
경부선,KTX,1,S087,행신
경부선,KTX,2,S043,서울
경부선,KTX,3,S058,영등포
경부선,KTX,4,S009,광명
경부선,KTX,5,S048,수원
경부선,KTX,6,S078,천안아산
경부선,KTX,7,S061,오송
경부선,KTX,8,S021,대전
경부선,KTX,9,S015,김천(구미)
경부선,KTX,10,S041,서대구
경부선,KTX,11,S023,동대구
경부선,KTX,12,S005,경주
경부선,KTX,13,S063,울산
경부선,KTX,14,S004,경산
경부선,KTX,15,S033,밀양
경부선,KTX,16,S032,물금
경부선,KTX,17,S012,구포
경부선,KTX,18,S035,부산
경부선,SRT,1,S046,수서
경부선,SRT,2,S024,동탄
경부선,SRT,3,S084,평택지제
경부선,SRT,4,S078,천안아산
경부선,SRT,5,S061,오송
경부선,SRT,6,S021,대전
경부선,SRT,7,S015,김천(구미)
경부선,SRT,8,S041,서대구
경부선,SRT,9,S023,동대구
경부선,SRT,10,S005,경주
경부선,SRT,11,S063,울산
경부선,SRT,12,S033,밀양
경부선,SRT,13,S032,물금
경부선,SRT,14,S012,구포
경부선,SRT,15,S035,부산
호남선,KTX,1,S087,행신
호남선,KTX,2,S043,서울
호남선,KTX,3,S062,용산
호남선,KTX,4,S058,영등포
호남선,KTX,5,S009,광명
호남선,KTX,6,S078,천안아산
호남선,KTX,7,S061,오송
호남선,KTX,8,S008,공주
호남선,KTX,9,S042,서대전
호남선,KTX,10,S006,계룡
호남선,KTX,11,S019,논산
호남선,KTX,12,S067,익산
호남선,KTX,13,S014,김제
호남선,KTX,14,S071,정읍
호남선,KTX,15,S068,장성
호남선,KTX,16,S010,광주송정
호남선,KTX,17,S016,나주
호남선,KTX,18,S029,목포
호남선,SRT,1,S046,수서
호남선,SRT,2,S024,동탄
호남선,SRT,3,S084,평택지제
호남선,SRT,4,S078,천안아산
호남선,SRT,5,S061,오송
호남선,SRT,6,S008,공주
호남선,SRT,7,S042,서대전
호남선,SRT,8,S006,계룡
호남선,SRT,9,S019,논산
호남선,SRT,10,S067,익산
호남선,SRT,11,S071,정읍
호남선,SRT,12,S010,광주송정
호남선,SRT,13,S016,나주
호남선,SRT,14,S029,목포
전라선,KTX,1,S087,행신
전라선,KTX,2,S043,서울
전라선,KTX,3,S062,용산
전라선,KTX,4,S058,영등포
전라선,KTX,5,S009,광명
전라선,KTX,6,S078,천안아산
전라선,KTX,7,S061,오송
전라선,KTX,8,S008,공주
전라선,KTX,9,S042,서대전
전라선,KTX,10,S006,계룡
전라선,KTX,11,S019,논산
전라선,KTX,12,S067,익산
전라선,KTX,13,S069,전주
전라선,KTX,14,S017,남원
전라선,KTX,15,S007,곡성
전라선,KTX,16,S011,구례구
전라선,KTX,17,S049,순천
전라선,KTX,18,S055,여천
전라선,KTX,19,S054,여수엑스포
전라선,SRT,1,S046,수서
전라선,SRT,2,S024,동탄
전라선,SRT,3,S084,평택지제
전라선,SRT,4,S078,천안아산
전라선,SRT,5,S061,오송
전라선,SRT,6,S008,공주
전라선,SRT,7,S067,익산
전라선,SRT,8,S069,전주
전라선,SRT,9,S017,남원
전라선,SRT,10,S007,곡성
전라선,SRT,11,S011,구례구
전라선,SRT,12,S049,순천
전라선,SRT,13,S055,여천
전라선,SRT,14,S054,여수엑스포
강릉선,KTX,1,S087,행신
강릉선,KTX,2,S043,서울
강릉선,KTX,3,S079,청량리
강릉선,KTX,4,S040,상봉
강릉선,KTX,5,S022,덕소
강릉선,KTX,6,S053,양평
강릉선,KTX,7,S044,서원주
강릉선,KTX,8,S028,만종
강릉선,KTX,9,S088,횡성
강릉선,KTX,10,S026,둔내
강릉선,KTX,11,S083,평창
강릉선,KTX,12,S073,진부(오대산)
강릉선,KTX,13,S003,강릉
강릉선,KTX,14,S070,정동진
강릉선,KTX,15,S030,묵호
강릉선,KTX,16,S025,동해
중앙선,KTX,1,S043,서울
중앙선,KTX,2,S079,청량리
중앙선,KTX,3,S040,상봉
중앙선,KTX,4,S022,덕소
중앙선,KTX,5,S053,양평
중앙선,KTX,6,S044,서원주
중앙선,KTX,7,S065,원주
중앙선,KTX,8,S072,제천
중앙선,KTX,9,S020,단양
중앙선,KTX,10,S086,풍기
중앙선,KTX,11,S059,영주
중앙선,KTX,12,S051,안동
중앙선,KTX,13,S066,의성
중앙선,KTX,14,S060,영천
중앙선,KTX,15,S005,경주
중앙선,KTX,16,S037,북울산
중앙선,KTX,17,S081,태화강
중앙선,KTX,18,S018,남창
중앙선,KTX,19,S013,기장
중앙선,KTX,20,S050,신해운대
중앙선,KTX,21,S045,센텀
중앙선,KTX,22,S036,부전
동해선,KTX,1,S087,행신
동해선,KTX,2,S043,서울
동해선,KTX,3,S009,광명
동해선,KTX,4,S078,천안아산
동해선,KTX,5,S061,오송
동해선,KTX,6,S021,대전
동해선,KTX,7,S015,김천(구미)
동해선,KTX,8,S041,서대구
동해선,KTX,9,S023,동대구
동해선,KTX,10,S085,포항
동해선,SRT,1,S046,수서
동해선,SRT,2,S024,동탄
동해선,SRT,3,S084,평택지제
동해선,SRT,4,S078,천안아산
동해선,SRT,5,S061,오송
동해선,SRT,6,S021,대전
동해선,SRT,7,S015,김천(구미)
동해선,SRT,8,S023,동대구
동해선,SRT,1,S085,포항
동해선 전구간,KTX,2,S036,부전
동해선 전구간,KTX,3,S081,태화강
동해선 전구간,KTX,4,S005,경주
동해선 전구간,KTX,5,S085,포항
동해선 전구간,KTX,6,S057,영덕
동해선 전구간,KTX,7,S064,울진
동해선 전구간,KTX,8,S039,삼척
동해선 전구간,KTX,9,S025,동해
동해선 전구간,KTX,10,S030,묵호
동해선 전구간,KTX,11,S070,정동진
동해선 전구간,KTX,12,S003,강릉
경전선,KTX,1,S087,행신
경전선,KTX,2,S043,서울
경전선,KTX,3,S009,광명
경전선,KTX,4,S078,천안아산
경전선,KTX,5,S061,오송
경전선,KTX,6,S021,대전
경전선,KTX,7,S015,김천(구미)
경전선,KTX,8,S041,서대구
경전선,KTX,9,S023,동대구
경전선,KTX,10,S004,경산
경전선,KTX,11,S033,밀양
경전선,KTX,12,S074,진영
경전선,KTX,13,S077,창원중앙
경전선,KTX,14,S076,창원
경전선,KTX,15,S027,마산
경전선,KTX,16,S075,진주
경전선,SRT,1,S046,수서
경전선,SRT,2,S024,동탄
경전선,SRT,3,S084,평택지제
경전선,SRT,4,S078,천안아산
경전선,SRT,5,S061,오송
경전선,SRT,6,S021,대전
경전선,SRT,7,S015,김천(구미)
경전선,SRT,8,S041,서대구
경전선,SRT,9,S023,동대구
경전선,SRT,10,S033,밀양
경전선,SRT,11,S074,진영
경전선,SRT,12,S077,창원중앙
경전선,SRT,13,S076,창원
경전선,SRT,14,S027,마산
경전선,SRT,15,S075,진주
중부내륙선,KTX,1,S082,판교
중부내륙선,KTX,2,S034,부발
중부내륙선,KTX,3,S001,가남
중부내륙선,KTX,4,S002,감곡장호원
중부내륙선,KTX,5,S052,앙성온천
중부내륙선,KTX,6,S080,충주
중부내륙선,KTX,7,S038,살미
중부내륙선,KTX,8,S047,수안보온천
중부내륙선,KTX,9,S056,연풍
중부내륙선,KTX,10,S031,문경